{
  "hotCitys" : [
    {
      "short_name" : "北京",
      "city_code" : "100010000",
      "city_name" : "北京市"
    },
    {
      "short_name" : "上海",
      "city_code" : "200010000",
      "city_name" : "上海市"
    },
    {
      "short_name" : "成都",
      "city_code" : "800010000",
      "city_name" : "成都市"
    },
    {
      "short_name" : "杭州",
      "city_code" : "600010000",
      "city_name" : "杭州市"
    },
    {
      "short_name" : "郑州",
      "city_code" : "2000010000",
      "city_name" : "郑州市"
    },
    {
      "short_name" : "武汉",
      "city_code" : "400010000",
      "city_name" : "武汉市"
    },
    {
      "short_name" : "天津",
      "city_code" : "500010000",
      "city_name" : "天津市"
    },
    {
      "short_name" : "重庆",
      "city_code" : "900010000",
      "city_name" : "重庆市"
    },
    {
      "short_name" : "西安",
      "city_code" : "1000010000",
      "city_name" : "西安市"
    }
  ],
  "allCitys" : [
    {
      "allCity" : [
        {
          "city_url" : "anji",
          "city_name" : "安吉市",
          "short_name" : "安吉",
          "city_code" : "600280000"
        },
        {
          "city_url" : "ankang",
          "city_name" : "安康市",
          "short_name" : "安康",
          "city_code" : "1000090000"
        },
        {
          "city_url" : "anqing",
          "city_name" : "安庆市",
          "short_name" : "安庆",
          "city_code" : "1500080000"
        },
        {
          "city_url" : "anshan",
          "city_name" : "鞍山市",
          "short_name" : "鞍山",
          "city_code" : "1300030000"
        },
        {
          "city_url" : "anyang",
          "city_name" : "安阳市",
          "short_name" : "安阳",
          "city_code" : "2000050000"
        }
      ],
      "initials" : "A"
    },
    {
      "allCity" : [
        {
          "city_url" : "baicheng",
          "city_name" : "白城市",
          "short_name" : "白城",
          "city_code" : "2300080000"
        },
        {
          "city_url" : "baishan",
          "city_name" : "白山市",
          "short_name" : "白山",
          "city_code" : "2300060000"
        },
        {
          "city_url" : "baiyin",
          "city_name" : "白银市",
          "short_name" : "白银",
          "city_code" : "3000040000"
        },
        {
          "city_url" : "baoding",
          "city_name" : "保定市",
          "short_name" : "保定",
          "city_code" : "1800060000"
        },
        {
          "city_url" : "baoji",
          "city_name" : "宝鸡市",
          "short_name" : "宝鸡",
          "city_code" : "1000030000"
        },
        {
          "city_url" : "baoshan",
          "city_name" : "保山市",
          "short_name" : "保山",
          "city_code" : "2800040000"
        },
        {
          "city_url" : "baotou",
          "city_name" : "包头市",
          "short_name" : "包头",
          "city_code" : "2200020000"
        },
        {
          "city_url" : "bayangolmongol",
          "city_name" : "巴音郭楞蒙古自治州",
          "short_name" : "巴音郭楞蒙古",
          "city_code" : "3300070000"
        },
        {
          "city_url" : "bazhong",
          "city_name" : "巴中市",
          "short_name" : "巴中",
          "city_code" : "800170000"
        },
        {
          "city_url" : "beibei",
          "city_name" : "北碚区",
          "short_name" : "北碚",
          "city_code" : "900090000"
        },
        {
          "city_url" : "beihai",
          "city_name" : "北海市",
          "short_name" : "北海",
          "city_code" : "2500050000"
        },
        {
          "city_url" : "beijing",
          "city_name" : "北京市",
          "short_name" : "北京",
          "city_code" : "100010000"
        },
        {
          "city_url" : "bengbu",
          "city_name" : "蚌埠市",
          "short_name" : "蚌埠",
          "city_code" : "1500030000"
        },
        {
          "city_url" : "benxi",
          "city_name" : "本溪市",
          "short_name" : "本溪",
          "city_code" : "1300050000"
        },
        {
          "city_url" : "binzhou",
          "city_name" : "滨州市",
          "short_name" : "滨州",
          "city_code" : "1400160000"
        },
        {
          "city_url" : "bishan",
          "city_name" : "璧山区",
          "short_name" : "璧山",
          "city_code" : "900110000"
        },
        {
          "city_url" : "bozhou",
          "city_name" : "亳州市",
          "short_name" : "亳州",
          "city_code" : "1500150000"
        }
      ],
      "initials" : "B"
    },
    {
      "allCity" : [
        {
          "city_url" : "cangnan",
          "city_name" : "苍南县",
          "short_name" : "苍南",
          "city_code" : "600410000"
        },
        {
          "city_url" : "cangzhou",
          "city_name" : "沧州市",
          "short_name" : "沧州",
          "city_code" : "1800090000"
        },
        {
          "city_url" : "changchun",
          "city_name" : "长春市",
          "short_name" : "长春",
          "city_code" : "2300010000"
        },
        {
          "city_url" : "changde",
          "city_name" : "常德市",
          "short_name" : "常德",
          "city_code" : "1200070000"
        },
        {
          "city_url" : "changji",
          "city_name" : "昌吉回族自治州",
          "short_name" : "昌吉回族",
          "city_code" : "3300050000"
        },
        {
          "city_url" : "changle",
          "city_name" : "长乐市",
          "short_name" : "长乐",
          "city_code" : "1900140000"
        },
        {
          "city_url" : "changsha",
          "city_name" : "长沙市",
          "short_name" : "长沙",
          "city_code" : "1200010000"
        },
        {
          "city_url" : "changshou",
          "city_name" : "长寿区",
          "short_name" : "长寿",
          "city_code" : "900050000"
        },
        {
          "city_url" : "changshu",
          "city_name" : "常熟市",
          "short_name" : "常熟",
          "city_code" : "700150000"
        },
        {
          "city_url" : "changxing",
          "city_name" : "长兴市",
          "short_name" : "长兴",
          "city_code" : "600240000"
        },
        {
          "city_url" : "changzhi",
          "city_name" : "长治市",
          "short_name" : "长治",
          "city_code" : "2100040000"
        },
        {
          "city_url" : "changzhou",
          "city_name" : "常州市",
          "short_name" : "常州",
          "city_code" : "700040000"
        },
        {
          "city_url" : "chaohu",
          "city_name" : "巢湖市",
          "short_name" : "巢湖",
          "city_code" : "1500130000"
        },
        {
          "city_url" : "chaoyang",
          "city_name" : "朝阳市",
          "short_name" : "朝阳",
          "city_code" : "1300130000"
        },
        {
          "city_url" : "chaozhou",
          "city_name" : "潮州市",
          "short_name" : "潮州",
          "city_code" : "300190000"
        },
        {
          "city_url" : "chengde",
          "city_name" : "承德市",
          "short_name" : "承德",
          "city_code" : "1800080000"
        },
        {
          "city_url" : "chengdu",
          "city_name" : "成都市",
          "short_name" : "成都",
          "city_code" : "800010000"
        },
        {
          "city_url" : "chifeng",
          "city_name" : "赤峰市",
          "short_name" : "赤峰",
          "city_code" : "2200040000"
        },
        {
          "city_url" : "chizhou",
          "city_name" : "池州市",
          "short_name" : "池州",
          "city_code" : "1500160000"
        },
        {
          "city_url" : "chongqing",
          "city_name" : "重庆市",
          "short_name" : "重庆",
          "city_code" : "900010000"
        },
        {
          "city_url" : "chuzhou",
          "city_name" : "滁州市",
          "short_name" : "滁州",
          "city_code" : "1500100000"
        },
        {
          "city_url" : "cixi",
          "city_name" : "慈溪市",
          "short_name" : "慈溪",
          "city_code" : "600120000"
        }
      ],
      "initials" : "C"
    },
    {
      "allCity" : [
        {
          "city_url" : "dali",
          "city_name" : "大理白族自治州",
          "short_name" : "大理白族",
          "city_code" : "2800130000"
        },
        {
          "city_url" : "dalian",
          "city_name" : "大连市",
          "short_name" : "大连",
          "city_code" : "1300010000"
        },
        {
          "city_url" : "dandong",
          "city_name" : "丹东市",
          "short_name" : "丹东",
          "city_code" : "1300060000"
        },
        {
          "city_url" : "danzhou",
          "city_name" : "儋州市",
          "short_name" : "儋州",
          "city_code" : "2600050000"
        },
        {
          "city_url" : "daqing",
          "city_name" : "大庆市",
          "short_name" : "大庆",
          "city_code" : "1100060000"
        },
        {
          "city_url" : "datong",
          "city_name" : "大同市",
          "short_name" : "大同",
          "city_code" : "2100020000"
        },
        {
          "city_url" : "dazhou",
          "city_name" : "达州市",
          "short_name" : "达州",
          "city_code" : "800150000"
        },
        {
          "city_url" : "dazu",
          "city_name" : "大足区",
          "short_name" : "大足",
          "city_code" : "900100000"
        },
        {
          "city_url" : "deqing",
          "city_name" : "德清市",
          "short_name" : "德清",
          "city_code" : "600270000"
        },
        {
          "city_url" : "deyang",
          "city_name" : "德阳市",
          "short_name" : "德阳",
          "city_code" : "800050000"
        },
        {
          "city_url" : "dezhou",
          "city_name" : "德州市",
          "short_name" : "德州",
          "city_code" : "1400140000"
        },
        {
          "city_url" : "dongfang",
          "city_name" : "东方市",
          "short_name" : "东方",
          "city_code" : "2600080000"
        },
        {
          "city_url" : "dongguan",
          "city_name" : "东莞市",
          "short_name" : "东莞",
          "city_code" : "300170000"
        },
        {
          "city_url" : "dongyang",
          "city_name" : "东阳市",
          "short_name" : "东阳",
          "city_code" : "600310000"
        },
        {
          "city_url" : "dongying",
          "city_name" : "东营市",
          "short_name" : "东营",
          "city_code" : "1400050000"
        },
        {
          "city_url" : "dushanzi",
          "city_name" : "独山子区",
          "short_name" : "独山子",
          "city_code" : "3300210000"
        }
      ],
      "initials" : "D"
    },
    {
      "allCity" : [
        {
          "city_url" : "enshi",
          "city_name" : "恩施市",
          "short_name" : "恩施",
          "city_code" : "400190000"
        }
      ],
      "initials" : "E"
    },
    {
      "allCity" : [
        {
          "city_url" : "foshan",
          "city_name" : "佛山市",
          "short_name" : "佛山",
          "city_code" : "300060000"
        },
        {
          "city_url" : "fukang",
          "city_name" : "阜康市",
          "short_name" : "阜康",
          "city_code" : "3300160000"
        },
        {
          "city_url" : "fuling",
          "city_name" : "涪陵区",
          "short_name" : "涪陵",
          "city_code" : "900060000"
        },
        {
          "city_url" : "fushun",
          "city_name" : "抚顺市",
          "short_name" : "抚顺",
          "city_code" : "1300040000"
        },
        {
          "city_url" : "fuxin",
          "city_name" : "阜新市",
          "short_name" : "阜新",
          "city_code" : "1300090000"
        },
        {
          "city_url" : "fuyang",
          "city_name" : "阜阳市",
          "short_name" : "阜阳",
          "city_code" : "1500110000"
        },
        {
          "city_url" : "fuzhou",
          "city_name" : "福州市",
          "short_name" : "福州",
          "city_code" : "1900010000"
        },
        {
          "city_url" : "fuzhou1",
          "city_name" : "抚州市",
          "short_name" : "抚州",
          "city_code" : "2400100000"
        }
      ],
      "initials" : "F"
    },
    {
      "allCity" : [
        {
          "city_url" : "ganzhou",
          "city_name" : "赣州市",
          "short_name" : "赣州",
          "city_code" : "2400070000"
        },
        {
          "city_url" : "guangan",
          "city_name" : "广安市",
          "short_name" : "广安",
          "city_code" : "800140000"
        },
        {
          "city_url" : "guanghan",
          "city_name" : "广汉市",
          "short_name" : "广汉",
          "city_code" : "800330000"
        },
        {
          "city_url" : "guangyuan",
          "city_name" : "广元市",
          "short_name" : "广元",
          "city_code" : "800070000"
        },
        {
          "city_url" : "guangzhou",
          "city_name" : "广州市",
          "short_name" : "广州",
          "city_code" : "300110000"
        },
        {
          "city_url" : "guilin",
          "city_name" : "桂林市",
          "short_name" : "桂林",
          "city_code" : "2500030000"
        },
        {
          "city_url" : "guiyang",
          "city_name" : "贵阳市",
          "short_name" : "贵阳",
          "city_code" : "2700010000"
        }
      ],
      "initials" : "G"
    },
    {
      "allCity" : [
        {
          "city_url" : "haerbin",
          "city_name" : "哈尔滨市",
          "short_name" : "哈尔滨",
          "city_code" : "1100010000"
        },
        {
          "city_url" : "haikou",
          "city_name" : "海口市",
          "short_name" : "海口",
          "city_code" : "2600010000"
        },
        {
          "city_url" : "haining",
          "city_name" : "海宁市",
          "short_name" : "海宁",
          "city_code" : "600370000"
        },
        {
          "city_url" : "hami",
          "city_name" : "哈密地区",
          "short_name" : "哈密",
          "city_code" : "3300040000"
        },
        {
          "city_url" : "handan",
          "city_name" : "邯郸市",
          "short_name" : "邯郸",
          "city_code" : "1800040000"
        },
        {
          "city_url" : "hangzhou",
          "city_name" : "杭州市",
          "short_name" : "杭州",
          "city_code" : "600010000"
        },
        {
          "city_url" : "hanzhong",
          "city_name" : "汉中市",
          "short_name" : "汉中",
          "city_code" : "1000070000"
        },
        {
          "city_url" : "hebi",
          "city_name" : "鹤壁市",
          "short_name" : "鹤壁",
          "city_code" : "2000060000"
        },
        {
          "city_url" : "hechuan",
          "city_name" : "合川区",
          "short_name" : "合川",
          "city_code" : "800280000"
        },
        {
          "city_url" : "hefei",
          "city_name" : "合肥市",
          "short_name" : "合肥",
          "city_code" : "1500010000"
        },
        {
          "city_url" : "hegang",
          "city_name" : "鹤岗市",
          "short_name" : "鹤岗",
          "city_code" : "1100040000"
        },
        {
          "city_url" : "heihe",
          "city_name" : "黑河市",
          "short_name" : "黑河",
          "city_code" : "1100110000"
        },
        {
          "city_url" : "hengshui",
          "city_name" : "衡水市",
          "short_name" : "衡水",
          "city_code" : "1800110000"
        },
        {
          "city_url" : "hengyang",
          "city_name" : "衡阳市",
          "short_name" : "衡阳",
          "city_code" : "1200040000"
        },
        {
          "city_url" : "heyuan",
          "city_name" : "河源市",
          "short_name" : "河源",
          "city_code" : "300140000"
        },
        {
          "city_url" : "heze",
          "city_name" : "菏泽市",
          "short_name" : "菏泽",
          "city_code" : "1400170000"
        },
        {
          "city_url" : "hohhot",
          "city_name" : "呼和浩特市",
          "short_name" : "呼和浩特",
          "city_code" : "2200010000"
        },
        {
          "city_url" : "honghe",
          "city_name" : "红河哈尼族彝族自治州",
          "short_name" : "红河哈尼族彝族",
          "city_code" : "2800100000"
        },
        {
          "city_url" : "huaian",
          "city_name" : "淮安市",
          "short_name" : "淮安",
          "city_code" : "700080000"
        },
        {
          "city_url" : "huaibei",
          "city_name" : "淮北市",
          "short_name" : "淮北",
          "city_code" : "1500060000"
        },
        {
          "city_url" : "huaihua",
          "city_name" : "怀化市",
          "short_name" : "怀化",
          "city_code" : "1200120000"
        },
        {
          "city_url" : "huainan",
          "city_name" : "淮南市",
          "short_name" : "淮南",
          "city_code" : "1500040000"
        },
        {
          "city_url" : "huanggang",
          "city_name" : "黄冈市",
          "short_name" : "黄冈",
          "city_code" : "400160000"
        },
        {
          "city_url" : "huangshan",
          "city_name" : "黄山市",
          "short_name" : "黄山",
          "city_code" : "1500090000"
        },
        {
          "city_url" : "huizhou",
          "city_name" : "惠州市",
          "short_name" : "惠州",
          "city_code" : "300010000"
        },
        {
          "city_url" : "huludao",
          "city_name" : "葫芦岛市",
          "short_name" : "葫芦岛",
          "city_code" : "1300140000"
        },
        {
          "city_url" : "huzhou",
          "city_name" : "湖州市",
          "short_name" : "湖州",
          "city_code" : "600050000"
        }
      ],
      "initials" : "H"
    },
    {
      "allCity" : [
        {
          "city_url" : "jiamusi",
          "city_name" : "佳木斯市",
          "short_name" : "佳木斯",
          "city_code" : "1100080000"
        },
        {
          "city_url" : "jiangjin",
          "city_name" : "江津区",
          "short_name" : "江津",
          "city_code" : "800270000"
        },
        {
          "city_url" : "jiangmen",
          "city_name" : "江门市",
          "short_name" : "江门",
          "city_code" : "300070000"
        },
        {
          "city_url" : "jiangyin",
          "city_name" : "江阴市",
          "short_name" : "江阴",
          "city_code" : "700160000"
        },
        {
          "city_url" : "jiangyou",
          "city_name" : "江油县",
          "short_name" : "江油",
          "city_code" : "800310000"
        },
        {
          "city_url" : "jiaozuo",
          "city_name" : "焦作市",
          "short_name" : "焦作",
          "city_code" : "2000080000"
        },
        {
          "city_url" : "jiaxing",
          "city_name" : "嘉兴市",
          "short_name" : "嘉兴",
          "city_code" : "600040000"
        },
        {
          "city_url" : "jieyang",
          "city_name" : "揭阳市",
          "short_name" : "揭阳",
          "city_code" : "300200000"
        },
        {
          "city_url" : "jilin",
          "city_name" : "吉林市",
          "short_name" : "吉林",
          "city_code" : "2300020000"
        },
        {
          "city_url" : "jinan",
          "city_name" : "济南市",
          "short_name" : "济南",
          "city_code" : "1400020000"
        },
        {
          "city_url" : "jinchang",
          "city_name" : "金昌市",
          "short_name" : "金昌",
          "city_code" : "3000030000"
        },
        {
          "city_url" : "jincheng",
          "city_name" : "晋城市",
          "short_name" : "晋城",
          "city_code" : "2100050000"
        },
        {
          "city_url" : "jindezhen",
          "city_name" : "景德镇市",
          "short_name" : "景德镇",
          "city_code" : "2400020000"
        },
        {
          "city_url" : "jingzhou",
          "city_name" : "荆州市",
          "short_name" : "荆州",
          "city_code" : "400150000"
        },
        {
          "city_url" : "jinhua",
          "city_name" : "金华市",
          "short_name" : "金华",
          "city_code" : "600070000"
        },
        {
          "city_url" : "jining",
          "city_name" : "济宁市",
          "short_name" : "济宁",
          "city_code" : "1400080000"
        },
        {
          "city_url" : "jinjiang",
          "city_name" : "晋江市",
          "short_name" : "晋江",
          "city_code" : "1900100000"
        },
        {
          "city_url" : "jinzhong",
          "city_name" : "晋中市",
          "short_name" : "晋中",
          "city_code" : "2100070000"
        },
        {
          "city_url" : "jinzhou",
          "city_name" : "锦州市",
          "short_name" : "锦州",
          "city_code" : "1300070000"
        },
        {
          "city_url" : "jiujiang",
          "city_name" : "九江市",
          "short_name" : "九江",
          "city_code" : "2400040000"
        },
        {
          "city_url" : "jixi",
          "city_name" : "鸡西市",
          "short_name" : "鸡西",
          "city_code" : "1100030000"
        },
        {
          "city_url" : "jiyuan",
          "city_name" : "济源市",
          "short_name" : "济源",
          "city_code" : "2000180000"
        }
      ],
      "initials" : "J"
    },
    {
      "allCity" : [
        {
          "city_url" : "kaifeng",
          "city_name" : "开封市",
          "short_name" : "开封",
          "city_code" : "2000020000"
        },
        {
          "city_url" : "kaixian",
          "city_name" : "开县",
          "short_name" : "开县",
          "city_code" : "900020000"
        },
        {
          "city_url" : "kelamayi",
          "city_name" : "克拉玛依市",
          "short_name" : "克拉玛依",
          "city_code" : "3300020000"
        },
        {
          "city_url" : "kuerle",
          "city_name" : "库尔勒市",
          "short_name" : "库尔勒",
          "city_code" : "3300220000"
        },
        {
          "city_url" : "kuitun",
          "city_name" : "奎屯市",
          "short_name" : "奎屯",
          "city_code" : "3300200000"
        },
        {
          "city_url" : "kunming",
          "city_name" : "昆明市",
          "short_name" : "昆明",
          "city_code" : "2800010000"
        },
        {
          "city_url" : "kunshan",
          "city_name" : "昆山市",
          "short_name" : "昆山",
          "city_code" : "700220000"
        }
      ],
      "initials" : "K"
    },
    {
      "allCity" : [
        {
          "city_url" : "laiwu",
          "city_name" : "莱芜市",
          "short_name" : "莱芜",
          "city_code" : "1400120000"
        },
        {
          "city_url" : "langfang",
          "city_name" : "廊坊市",
          "short_name" : "廊坊",
          "city_code" : "1800100000"
        },
        {
          "city_url" : "langzhong",
          "city_name" : "阆中市",
          "short_name" : "阆中",
          "city_code" : "800300000"
        },
        {
          "city_url" : "lanxi",
          "city_name" : "兰溪市",
          "short_name" : "兰溪",
          "city_code" : "600300000"
        },
        {
          "city_url" : "lanzhou",
          "city_name" : "兰州市",
          "short_name" : "兰州",
          "city_code" : "3000010000"
        },
        {
          "city_url" : "leshan",
          "city_name" : "乐山市",
          "short_name" : "乐山",
          "city_code" : "800100000"
        },
        {
          "city_url" : "lianyungang",
          "city_name" : "连云港市",
          "short_name" : "连云港",
          "city_code" : "700070000"
        },
        {
          "city_url" : "liaocheng",
          "city_name" : "聊城市",
          "short_name" : "聊城",
          "city_code" : "1400150000"
        },
        {
          "city_url" : "liaoyang",
          "city_name" : "辽阳市",
          "short_name" : "辽阳",
          "city_code" : "1300100000"
        },
        {
          "city_url" : "liaoyuan",
          "city_name" : "辽源市",
          "short_name" : "辽源",
          "city_code" : "2300040000"
        },
        {
          "city_url" : "lijiang",
          "city_name" : "丽江市",
          "short_name" : "丽江",
          "city_code" : "2800060000"
        },
        {
          "city_url" : "linfen",
          "city_name" : "临汾市",
          "short_name" : "临汾",
          "city_code" : "2100100000"
        },
        {
          "city_url" : "lingshui",
          "city_name" : "陵水县",
          "short_name" : "陵水",
          "city_code" : "2600180000"
        },
        {
          "city_url" : "linyi",
          "city_name" : "临沂市",
          "short_name" : "临沂",
          "city_code" : "1400130000"
        },
        {
          "city_url" : "lishui",
          "city_name" : "丽水市",
          "short_name" : "丽水",
          "city_code" : "600020000"
        },
        {
          "city_url" : "liuan",
          "city_name" : "六安市",
          "short_name" : "六安",
          "city_code" : "1500140000"
        },
        {
          "city_url" : "liupanshui",
          "city_name" : "六盘水市",
          "short_name" : "六盘水",
          "city_code" : "2700020000"
        },
        {
          "city_url" : "liuyang",
          "city_name" : "浏阳县",
          "short_name" : "浏阳",
          "city_code" : "1200160000"
        },
        {
          "city_url" : "liuzhou",
          "city_name" : "柳州市",
          "short_name" : "柳州",
          "city_code" : "2500020000"
        },
        {
          "city_url" : "longnan",
          "city_name" : "陇南市",
          "short_name" : "陇南",
          "city_code" : "3000120000"
        },
        {
          "city_url" : "longyan",
          "city_name" : "龙岩市",
          "short_name" : "龙岩",
          "city_code" : "1900080000"
        },
        {
          "city_url" : "luohe",
          "city_name" : "漯河市",
          "short_name" : "漯河",
          "city_code" : "2000110000"
        },
        {
          "city_url" : "luoyang",
          "city_name" : "洛阳市",
          "short_name" : "洛阳",
          "city_code" : "2000030000"
        },
        {
          "city_url" : "luzhou",
          "city_name" : "泸州市",
          "short_name" : "泸州",
          "city_code" : "800040000"
        },
        {
          "city_url" : "lvliang",
          "city_name" : "吕梁市",
          "short_name" : "吕梁",
          "city_code" : "2100110000"
        }
      ],
      "initials" : "L"
    },
    {
      "allCity" : [
        {
          "city_url" : "maanshan",
          "city_name" : "马鞍山市",
          "short_name" : "马鞍山",
          "city_code" : "1500050000"
        },
        {
          "city_url" : "maoming",
          "city_name" : "茂名市",
          "short_name" : "茂名",
          "city_code" : "300090000"
        },
        {
          "city_url" : "meishan",
          "city_name" : "眉山市",
          "short_name" : "眉山",
          "city_code" : "800120000"
        },
        {
          "city_url" : "meizhou",
          "city_name" : "梅州市",
          "short_name" : "梅州",
          "city_code" : "300120000"
        },
        {
          "city_url" : "mianyang",
          "city_name" : "绵阳市",
          "short_name" : "绵阳",
          "city_code" : "800060000"
        },
        {
          "city_url" : "mianzhu",
          "city_name" : "绵竹市",
          "short_name" : "绵竹",
          "city_code" : "800340000"
        },
        {
          "city_url" : "mingguang",
          "city_name" : "明光市",
          "short_name" : "明光",
          "city_code" : "1500210000"
        },
        {
          "city_url" : "mudanjiang",
          "city_name" : "牡丹江市",
          "short_name" : "牡丹江",
          "city_code" : "1100100000"
        }
      ],
      "initials" : "M"
    },
    {
      "allCity" : [
        {
          "city_url" : "nanbu",
          "city_name" : "南部县",
          "short_name" : "南部",
          "city_code" : "800290000"
        },
        {
          "city_url" : "nanchang",
          "city_name" : "南昌市",
          "short_name" : "南昌",
          "city_code" : "2400010000"
        },
        {
          "city_url" : "nanchong",
          "city_name" : "南充市",
          "short_name" : "南充",
          "city_code" : "800110000"
        },
        {
          "city_url" : "nanchuan",
          "city_name" : "南川区",
          "short_name" : "南川",
          "city_code" : "900040000"
        },
        {
          "city_url" : "nanjing",
          "city_name" : "南京市",
          "short_name" : "南京",
          "city_code" : "700010000"
        },
        {
          "city_url" : "nanning",
          "city_name" : "南宁市",
          "short_name" : "南宁",
          "city_code" : "2500010000"
        },
        {
          "city_url" : "nanping",
          "city_name" : "南平市",
          "short_name" : "南平",
          "city_code" : "1900070000"
        },
        {
          "city_url" : "nantong",
          "city_name" : "南通市",
          "short_name" : "南通",
          "city_code" : "700060000"
        },
        {
          "city_url" : "nanyang",
          "city_name" : "南阳市",
          "short_name" : "南阳",
          "city_code" : "2000130000"
        },
        {
          "city_url" : "neijiang",
          "city_name" : "内江市",
          "short_name" : "内江",
          "city_code" : "800090000"
        },
        {
          "city_url" : "ningbo",
          "city_name" : "宁波市",
          "short_name" : "宁波",
          "city_code" : "600110000"
        },
        {
          "city_url" : "ningde",
          "city_name" : "宁德市",
          "short_name" : "宁德",
          "city_code" : "1900090000"
        }
      ],
      "initials" : "N"
    },
    {
      "allCity" : [
        {
          "city_url" : "panjin",
          "city_name" : "盘锦市",
          "short_name" : "盘锦",
          "city_code" : "1300110000"
        },
        {
          "city_url" : "panzhihua",
          "city_name" : "攀枝花市",
          "short_name" : "攀枝花",
          "city_code" : "800030000"
        },
        {
          "city_url" : "pingdingshan",
          "city_name" : "平顶山市",
          "short_name" : "平顶山",
          "city_code" : "2000040000"
        },
        {
          "city_url" : "pinghu",
          "city_name" : "平湖市",
          "short_name" : "平湖",
          "city_code" : "600380000"
        },
        {
          "city_url" : "pingtan",
          "city_name" : "平潭县",
          "short_name" : "平潭",
          "city_code" : "1900150000"
        },
        {
          "city_url" : "pingxiang",
          "city_name" : "萍乡市",
          "short_name" : "萍乡",
          "city_code" : "2400030000"
        },
        {
          "city_url" : "pingyang",
          "city_name" : "平阳县",
          "short_name" : "平阳",
          "city_code" : "600400000"
        },
        {
          "city_url" : "puer",
          "city_name" : "普洱市 ",
          "short_name" : "普洱",
          "city_code" : "2800070000"
        },
        {
          "city_url" : "putian",
          "city_name" : "莆田市",
          "short_name" : "莆田",
          "city_code" : "1900030000"
        },
        {
          "city_url" : "puyang",
          "city_name" : "濮阳市",
          "short_name" : "濮阳",
          "city_code" : "2000090000"
        }
      ],
      "initials" : "P"
    },
    {
      "allCity" : [
        {
          "city_url" : "qiandongnanmiaodongautonomous",
          "city_name" : "黔东南苗族侗族自治州 ",
          "short_name" : "黔东南苗族侗族",
          "city_code" : "2700080000"
        },
        {
          "city_url" : "qiannan",
          "city_name" : "黔南布依族苗族自治州",
          "short_name" : "黔南布依族苗族",
          "city_code" : "2700090000"
        },
        {
          "city_url" : "qianxinan",
          "city_name" : "黔西南布依族苗族自治州",
          "short_name" : "黔西南布依族苗族",
          "city_code" : "2700060000"
        },
        {
          "city_url" : "qijiang",
          "city_name" : "綦江区",
          "short_name" : "綦江",
          "city_code" : "900030000"
        },
        {
          "city_url" : "qingdao",
          "city_name" : "青岛市",
          "short_name" : "青岛",
          "city_code" : "1400010000"
        },
        {
          "city_url" : "qingyuan",
          "city_name" : "清远市",
          "short_name" : "清远",
          "city_code" : "300160000"
        },
        {
          "city_url" : "qinhuangdao",
          "city_name" : "秦皇岛市",
          "short_name" : "秦皇岛",
          "city_code" : "1800030000"
        },
        {
          "city_url" : "qionghai",
          "city_name" : "琼海市",
          "short_name" : "琼海",
          "city_code" : "2600040000"
        },
        {
          "city_url" : "qiqihar",
          "city_name" : "齐齐哈尔市",
          "short_name" : "齐齐哈尔",
          "city_code" : "1100020000"
        },
        {
          "city_url" : "qjiang",
          "city_name" : "黔江区",
          "short_name" : "黔江",
          "city_code" : "900070000"
        },
        {
          "city_url" : "quanzhou",
          "city_name" : "泉州市",
          "short_name" : "泉州",
          "city_code" : "1900050000"
        },
        {
          "city_url" : "qujing",
          "city_name" : "曲靖市",
          "short_name" : "曲靖",
          "city_code" : "2800020000"
        },
        {
          "city_url" : "quzhou",
          "city_name" : "衢州市",
          "short_name" : "衢州",
          "city_code" : "600080000"
        }
      ],
      "initials" : "Q"
    },
    {
      "allCity" : [
        {
          "city_url" : "rizhao",
          "city_name" : "日照市",
          "short_name" : "日照",
          "city_code" : "1400110000"
        },
        {
          "city_url" : "ruian",
          "city_name" : "瑞安市",
          "short_name" : "瑞安",
          "city_code" : "600170000"
        }
      ],
      "initials" : "R"
    },
    {
      "allCity" : [
        {
          "city_url" : "sanmenxia",
          "city_name" : "三门峡市",
          "short_name" : "三门峡",
          "city_code" : "2000120000"
        },
        {
          "city_url" : "sanming",
          "city_name" : "三明市",
          "short_name" : "三明",
          "city_code" : "1900040000"
        },
        {
          "city_url" : "sanya",
          "city_name" : "三亚市",
          "short_name" : "三亚",
          "city_code" : "2600020000"
        },
        {
          "city_url" : "shanghai",
          "city_name" : "上海市",
          "short_name" : "上海",
          "city_code" : "200010000"
        },
        {
          "city_url" : "shangluo",
          "city_name" : "商洛市",
          "short_name" : "商洛",
          "city_code" : "1000100000"
        },
        {
          "city_url" : "shangqiu",
          "city_name" : "商丘市",
          "short_name" : "商丘",
          "city_code" : "2000140000"
        },
        {
          "city_url" : "shangrao",
          "city_name" : "上饶市",
          "short_name" : "上饶",
          "city_code" : "2400110000"
        },
        {
          "city_url" : "shantou",
          "city_name" : "汕头市",
          "short_name" : "汕头",
          "city_code" : "300050000"
        },
        {
          "city_url" : "shanwei",
          "city_name" : "汕尾市",
          "short_name" : "汕尾",
          "city_code" : "300130000"
        },
        {
          "city_url" : "shaoguan",
          "city_name" : "韶关市",
          "short_name" : "韶关",
          "city_code" : "300020000"
        },
        {
          "city_url" : "shaoxing",
          "city_name" : "绍兴市",
          "short_name" : "绍兴",
          "city_code" : "600060000"
        },
        {
          "city_url" : "shenyang",
          "city_name" : "沈阳市",
          "short_name" : "沈阳",
          "city_code" : "1300020000"
        },
        {
          "city_url" : "shenzhen",
          "city_name" : "深圳市",
          "short_name" : "深圳",
          "city_code" : "300210000"
        },
        {
          "city_url" : "shifang",
          "city_name" : "什邡市",
          "short_name" : "什邡",
          "city_code" : "800320000"
        },
        {
          "city_url" : "shijiazhuang",
          "city_name" : "石家庄市",
          "short_name" : "石家庄",
          "city_code" : "1800010000"
        },
        {
          "city_url" : "shishi",
          "city_name" : "石狮市",
          "short_name" : "石狮",
          "city_code" : "1900110000"
        },
        {
          "city_url" : "shiyan",
          "city_name" : "十堰市",
          "short_name" : "十堰",
          "city_code" : "400030000"
        },
        {
          "city_url" : "shuangyashan",
          "city_name" : "双鸭山市",
          "short_name" : "双鸭山",
          "city_code" : "1100050000"
        },
        {
          "city_url" : "shuozhou",
          "city_name" : "朔州市",
          "short_name" : "朔州",
          "city_code" : "2100060000"
        },
        {
          "city_url" : "siping",
          "city_name" : "四平市",
          "short_name" : "四平",
          "city_code" : "2300030000"
        },
        {
          "city_url" : "songyuan",
          "city_name" : "松原市",
          "short_name" : "松原",
          "city_code" : "2300070000"
        },
        {
          "city_url" : "suihua",
          "city_name" : "绥化市",
          "short_name" : "绥化",
          "city_code" : "1100120000"
        },
        {
          "city_url" : "suining",
          "city_name" : "遂宁市",
          "short_name" : "遂宁",
          "city_code" : "800080000"
        },
        {
          "city_url" : "suqian",
          "city_name" : "宿迁市",
          "short_name" : "宿迁",
          "city_code" : "700130000"
        },
        {
          "city_url" : "suzhou",
          "city_name" : "苏州市",
          "short_name" : "苏州",
          "city_code" : "700110000"
        },
        {
          "city_url" : "suzhou1",
          "city_name" : "宿州市",
          "short_name" : "宿州",
          "city_code" : "1500120000"
        }
      ],
      "initials" : "S"
    },
    {
      "allCity" : [
        {
          "city_url" : "tacheng",
          "city_name" : "塔城地区",
          "short_name" : "塔城",
          "city_code" : "3300130000"
        },
        {
          "city_url" : "taian",
          "city_name" : "泰安市",
          "short_name" : "泰安",
          "city_code" : "1400090000"
        },
        {
          "city_url" : "taicang",
          "city_name" : "太仓市",
          "short_name" : "太仓",
          "city_code" : "700290000"
        },
        {
          "city_url" : "taiyuan",
          "city_name" : "太原市",
          "short_name" : "太原",
          "city_code" : "2100010000"
        },
        {
          "city_url" : "taizhou",
          "city_name" : "台州市",
          "short_name" : "台州",
          "city_code" : "600100000"
        },
        {
          "city_url" : "taizhoux",
          "city_name" : "泰州市",
          "short_name" : "泰州",
          "city_code" : "700120000"
        },
        {
          "city_url" : "tangshan",
          "city_name" : "唐山市",
          "short_name" : "唐山",
          "city_code" : "1800020000"
        },
        {
          "city_url" : "tianchang",
          "city_name" : "天长市",
          "short_name" : "天长",
          "city_code" : "1500200000"
        },
        {
          "city_url" : "tianjin",
          "city_name" : "天津市",
          "short_name" : "天津",
          "city_code" : "500010000"
        },
        {
          "city_url" : "tianshui",
          "city_name" : "天水市",
          "short_name" : "天水",
          "city_code" : "3000050000"
        },
        {
          "city_url" : "tieling",
          "city_name" : "铁岭市",
          "short_name" : "铁岭",
          "city_code" : "1300120000"
        },
        {
          "city_url" : "tongchuan",
          "city_name" : "铜川市",
          "short_name" : "铜川",
          "city_code" : "1000020000"
        },
        {
          "city_url" : "tonghua",
          "city_name" : "通化市",
          "short_name" : "通化",
          "city_code" : "2300050000"
        },
        {
          "city_url" : "tongliang",
          "city_name" : "铜梁区",
          "short_name" : "铜梁",
          "city_code" : "900080000"
        },
        {
          "city_url" : "tongliao",
          "city_name" : "通辽市",
          "short_name" : "通辽",
          "city_code" : "2200050000"
        },
        {
          "city_url" : "tongling",
          "city_name" : "铜陵市",
          "short_name" : "铜陵",
          "city_code" : "1500070000"
        }
      ],
      "initials" : "T"
    },
    {
      "allCity" : [
        {
          "city_url" : "wanning",
          "city_name" : "万宁市",
          "short_name" : "万宁",
          "city_code" : "2600070000"
        },
        {
          "city_url" : "wanzhou",
          "city_name" : "万州区",
          "short_name" : "万州",
          "city_code" : "800250000"
        },
        {
          "city_url" : "weifang",
          "city_name" : "潍坊市",
          "short_name" : "潍坊",
          "city_code" : "1400070000"
        },
        {
          "city_url" : "weihai",
          "city_name" : "威海市",
          "short_name" : "威海",
          "city_code" : "1400100000"
        },
        {
          "city_url" : "weinan",
          "city_name" : "渭南市",
          "short_name" : "渭南",
          "city_code" : "1000050000"
        },
        {
          "city_url" : "wenchang",
          "city_name" : "文昌市",
          "short_name" : "文昌",
          "city_code" : "2600060000"
        },
        {
          "city_url" : "wenshan",
          "city_name" : "文山壮族苗族自治州",
          "short_name" : "文山壮族苗族",
          "city_code" : "2800110000"
        },
        {
          "city_url" : "wenzhou",
          "city_name" : "温州市",
          "short_name" : "温州",
          "city_code" : "600030000"
        },
        {
          "city_url" : "wuhan",
          "city_name" : "武汉市",
          "short_name" : "武汉",
          "city_code" : "400010000"
        },
        {
          "city_url" : "wuhu",
          "city_name" : "芜湖市",
          "short_name" : "芜湖",
          "city_code" : "1500020000"
        },
        {
          "city_url" : "wujiang",
          "city_name" : "吴江市",
          "short_name" : "吴江",
          "city_code" : "700140000"
        },
        {
          "city_url" : "wujiaqu",
          "city_name" : "五家渠市",
          "short_name" : "五家渠",
          "city_code" : "3300190000"
        },
        {
          "city_url" : "wulumuqi",
          "city_name" : "乌鲁木齐市",
          "short_name" : "乌鲁木齐",
          "city_code" : "3300010000"
        },
        {
          "city_url" : "wusu",
          "city_name" : "乌苏市",
          "short_name" : "乌苏",
          "city_code" : "3300230000"
        },
        {
          "city_url" : "wuwei",
          "city_name" : "武威市",
          "short_name" : "武威",
          "city_code" : "3000060000"
        },
        {
          "city_url" : "wuxi",
          "city_name" : "无锡市",
          "short_name" : "无锡",
          "city_code" : "700210000"
        },
        {
          "city_url" : "wuyishan",
          "city_name" : "武夷山",
          "short_name" : "武夷山",
          "city_code" : "1900120000"
        }
      ],
      "initials" : "W"
    },
    {
      "allCity" : [
        {
          "city_url" : "xiamen",
          "city_name" : "厦门市",
          "short_name" : "厦门",
          "city_code" : "1900020000"
        },
        {
          "city_url" : "xian",
          "city_name" : "西安市",
          "short_name" : "西安",
          "city_code" : "1000010000"
        },
        {
          "city_url" : "xiangtan",
          "city_name" : "湘潭市",
          "short_name" : "湘潭",
          "city_code" : "1200030000"
        },
        {
          "city_url" : "xiangyang",
          "city_name" : "襄阳市",
          "short_name" : "襄阳",
          "city_code" : "400130000"
        },
        {
          "city_url" : "xianning",
          "city_name" : "咸宁市",
          "short_name" : "咸宁",
          "city_code" : "400140000"
        },
        {
          "city_url" : "xianyang",
          "city_name" : "咸阳市",
          "short_name" : "咸阳",
          "city_code" : "1000040000"
        },
        {
          "city_url" : "xiaogan",
          "city_name" : "孝感市",
          "short_name" : "孝感",
          "city_code" : "400080000"
        },
        {
          "city_url" : "xingtai",
          "city_name" : "邢台市",
          "short_name" : "邢台",
          "city_code" : "1800050000"
        },
        {
          "city_url" : "xining",
          "city_name" : "西宁市",
          "short_name" : "西宁",
          "city_code" : "3100010000"
        },
        {
          "city_url" : "xinxiang",
          "city_name" : "新乡市",
          "short_name" : "新乡",
          "city_code" : "2000070000"
        },
        {
          "city_url" : "xinyang",
          "city_name" : "信阳市",
          "short_name" : "信阳",
          "city_code" : "2000150000"
        },
        {
          "city_url" : "xinzhou",
          "city_name" : "忻州市",
          "short_name" : "忻州",
          "city_code" : "2100090000"
        },
        {
          "city_url" : "xishuangbanna",
          "city_name" : "西双版纳傣族自治州",
          "short_name" : "西双版纳傣族",
          "city_code" : "2800120000"
        },
        {
          "city_url" : "xuancheng",
          "city_name" : "宣城市",
          "short_name" : "宣城",
          "city_code" : "1500170000"
        },
        {
          "city_url" : "xuchang",
          "city_name" : "许昌市",
          "short_name" : "许昌",
          "city_code" : "2000100000"
        },
        {
          "city_url" : "xuzhou",
          "city_name" : "徐州市",
          "short_name" : "徐州",
          "city_code" : "700030000"
        }
      ],
      "initials" : "X"
    },
    {
      "allCity" : [
        {
          "city_url" : "yanan",
          "city_name" : "延安市",
          "short_name" : "延安",
          "city_code" : "1000060000"
        },
        {
          "city_url" : "yanbian",
          "city_name" : "延边朝鲜族自治州",
          "short_name" : "延边朝鲜族",
          "city_code" : "2300090000"
        },
        {
          "city_url" : "yancheng",
          "city_name" : "盐城市",
          "short_name" : "盐城",
          "city_code" : "700090000"
        },
        {
          "city_url" : "yangjiang",
          "city_name" : "阳江市",
          "short_name" : "阳江",
          "city_code" : "300150000"
        },
        {
          "city_url" : "yangling",
          "city_name" : "杨陵区",
          "short_name" : "杨陵",
          "city_code" : "1000130000"
        },
        {
          "city_url" : "yangquan",
          "city_name" : "阳泉市",
          "short_name" : "阳泉",
          "city_code" : "2100030000"
        },
        {
          "city_url" : "yangshuo",
          "city_name" : "阳朔市",
          "short_name" : "阳朔",
          "city_code" : "2500160000"
        },
        {
          "city_url" : "yangzhou",
          "city_name" : "扬州市",
          "short_name" : "扬州",
          "city_code" : "700100000"
        },
        {
          "city_url" : "yantai",
          "city_name" : "烟台市",
          "short_name" : "烟台",
          "city_code" : "1400060000"
        },
        {
          "city_url" : "yanzhou",
          "city_name" : "兖州市",
          "short_name" : "兖州",
          "city_code" : "1400200000"
        },
        {
          "city_url" : "yibin",
          "city_name" : "宜宾市",
          "short_name" : "宜宾",
          "city_code" : "800130000"
        },
        {
          "city_url" : "yichang",
          "city_name" : "宜昌市",
          "short_name" : "宜昌",
          "city_code" : "400040000"
        },
        {
          "city_url" : "yichun",
          "city_name" : "伊春市",
          "short_name" : "伊春",
          "city_code" : "1100070000"
        },
        {
          "city_url" : "yichun1",
          "city_name" : "宜春市",
          "short_name" : "宜春",
          "city_code" : "2400090000"
        },
        {
          "city_url" : "yili",
          "city_name" : "伊犁哈萨克自治州",
          "short_name" : "伊犁哈萨克",
          "city_code" : "3300120000"
        },
        {
          "city_url" : "yinchuan",
          "city_name" : "银川市",
          "short_name" : "银川",
          "city_code" : "3200010000"
        },
        {
          "city_url" : "yingkou",
          "city_name" : "营口市",
          "short_name" : "营口",
          "city_code" : "1300080000"
        },
        {
          "city_url" : "yiwu",
          "city_name" : "义乌市",
          "short_name" : "义乌",
          "city_code" : "600130000"
        },
        {
          "city_url" : "yixing",
          "city_name" : "宜兴市",
          "short_name" : "宜兴",
          "city_code" : "700270000"
        },
        {
          "city_url" : "yiyang",
          "city_name" : "益阳市",
          "short_name" : "益阳",
          "city_code" : "1200090000"
        },
        {
          "city_url" : "yizheng",
          "city_name" : "仪征市",
          "short_name" : "仪征",
          "city_code" : "700240000"
        },
        {
          "city_url" : "yongchuan",
          "city_name" : "永川区",
          "short_name" : "永川",
          "city_code" : "800260000"
        },
        {
          "city_url" : "yongkang",
          "city_name" : "永康市",
          "short_name" : "永康",
          "city_code" : "600290000"
        },
        {
          "city_url" : "yueqing",
          "city_name" : "乐清市",
          "short_name" : "乐清",
          "city_code" : "600180000"
        },
        {
          "city_url" : "yueyang",
          "city_name" : "岳阳市",
          "short_name" : "岳阳",
          "city_code" : "1200060000"
        },
        {
          "city_url" : "yulin",
          "city_name" : "榆林市",
          "short_name" : "榆林",
          "city_code" : "1000080000"
        },
        {
          "city_url" : "yulin1",
          "city_name" : "玉林市",
          "short_name" : "玉林",
          "city_code" : "2500090000"
        },
        {
          "city_url" : "yuncheng",
          "city_name" : "运城市",
          "short_name" : "运城",
          "city_code" : "2100080000"
        },
        {
          "city_url" : "yunfu",
          "city_name" : "云浮市",
          "short_name" : "云浮",
          "city_code" : "300030000"
        },
        {
          "city_url" : "yuxi",
          "city_name" : "玉溪市",
          "short_name" : "玉溪",
          "city_code" : "2800030000"
        },
        {
          "city_url" : "yuyao",
          "city_name" : "余姚市",
          "short_name" : "余姚",
          "city_code" : "600190000"
        }
      ],
      "initials" : "Y"
    },
    {
      "allCity" : [
        {
          "city_url" : "zaozhuang",
          "city_name" : "枣庄市",
          "short_name" : "枣庄",
          "city_code" : "1400040000"
        },
        {
          "city_url" : "zhangjiagang",
          "city_name" : "张家港市",
          "short_name" : "张家港",
          "city_code" : "700280000"
        },
        {
          "city_url" : "zhangjiajie",
          "city_name" : "张家界市",
          "short_name" : "张家界",
          "city_code" : "1200080000"
        },
        {
          "city_url" : "zhangjiakou",
          "city_name" : "张家口市",
          "short_name" : "张家口",
          "city_code" : "1800070000"
        },
        {
          "city_url" : "zhangzhou",
          "city_name" : "漳州市",
          "short_name" : "漳州",
          "city_code" : "1900060000"
        },
        {
          "city_url" : "zhanjiang",
          "city_name" : "湛江市",
          "short_name" : "湛江",
          "city_code" : "300080000"
        },
        {
          "city_url" : "zhaoqing",
          "city_name" : "肇庆市",
          "short_name" : "肇庆",
          "city_code" : "300100000"
        },
        {
          "city_url" : "zhaotong",
          "city_name" : "昭通市",
          "short_name" : "昭通",
          "city_code" : "2800050000"
        },
        {
          "city_url" : "zhengzhou",
          "city_name" : "郑州市",
          "short_name" : "郑州",
          "city_code" : "2000010000"
        },
        {
          "city_url" : "zhenjiang",
          "city_name" : "镇江市",
          "short_name" : "镇江",
          "city_code" : "700050000"
        },
        {
          "city_url" : "zhongshan",
          "city_name" : "中山市",
          "short_name" : "中山",
          "city_code" : "300180000"
        },
        {
          "city_url" : "zhoukou",
          "city_name" : "周口市",
          "short_name" : "周口",
          "city_code" : "2000160000"
        },
        {
          "city_url" : "zhoushan",
          "city_name" : "舟山市",
          "short_name" : "舟山",
          "city_code" : "600090000"
        },
        {
          "city_url" : "zhuhai",
          "city_name" : "珠海市",
          "short_name" : "珠海",
          "city_code" : "300040000"
        },
        {
          "city_url" : "zhumadian",
          "city_name" : "驻马店市",
          "short_name" : "驻马店",
          "city_code" : "2000170000"
        },
        {
          "city_url" : "zhuzhou",
          "city_name" : "株洲市",
          "short_name" : "株洲",
          "city_code" : "1200020000"
        },
        {
          "city_url" : "zibo",
          "city_name" : "淄博市",
          "short_name" : "淄博",
          "city_code" : "1400030000"
        },
        {
          "city_url" : "zigong",
          "city_name" : "自贡市",
          "short_name" : "自贡",
          "city_code" : "800020000"
        },
        {
          "city_url" : "zunyi",
          "city_name" : "遵义市",
          "short_name" : "遵义",
          "city_code" : "2700030000"
        }
      ],
      "initials" : "Z"
    }
  ]
}